url_path,views_total,views_unique
/pwrliang/grpc-rdma,40,26
/pwrliang/grpc-rdma/issues,4,4
/pwrliang/grpc-rdma/blob/master/README.md,3,3
/pwrliang/grpc-rdma/tree/master,3,2
/pwrliang/grpc-rdma/issues/2,2,2
/pwrliang/grpc-rdma/issues/4,2,2
/pwrliang/grpc-rdma/tree/master/src,2,1
/pwrliang/grpc-rdma/tree/master/src/core,2,1
/pwrliang/grpc-rdma/blob/63b2cd7ff6a9b65ae8cdb2ef406e5b229b90fdfb/src/core/lib/iomgr/ev_poll_posix.h,1,1
/pwrliang/grpc-rdma/blob/63b2cd7ff6a9b65ae8cdb2ef406e5b229b90fdfb/src/core/lib/iomgr/ev_posix.cc,1,1
